,kNN,Ada Boost,Neural Network
Jan,982648.0,134212.0,13658524.0
Feb,3020669.0,1126917.0,3.774766095572472e+241
Mar,1641619.0,371332.0,1.7952023713308306e+172
Apr,1368997.0,108998.0,8357584.0
May,1645728.0,263416.0,6.83512045582867e+145
Jun,1402647.0,153265.0,24701409.0
Jul,1113743.0,115966.0,2424901.0
Aug,1318154.0,164649.0,16889843.0
Sep,1904606.0,63012.0,21509485.0
Oct,1622707.0,190418.0,1.378873303363053e+44
Nov,1086950.0,189684.0,4480015.0
Dec,1635054.0,760273.0,4213173.0
