,kNN,Ada Boost,Neural Network
Jan,986875.0,113425.0,13626994.0
Feb,2452633.0,1452962.0,4.9236079507467026e+241
Mar,887036.0,439227.0,2.3415683104315184e+172
Apr,1052104.0,117960.0,4950456.0
May,1066174.0,202045.0,8.915374507602614e+145
Jun,629982.0,163798.0,25897141.0
Jul,722782.0,84047.0,748866.0
Aug,1249120.0,124130.0,17882119.0
Sep,1261299.0,61863.0,22863167.0
Oct,816440.0,216635.0,1.7985303956909387e+44
Nov,695679.0,131065.0,2097332.0
Dec,1711672.0,922825.0,2630140.0
